<metadata xml:lang="en"><Esri><CreaDate>20220419</CreaDate><CreaTime>09205100</CreaTime><ArcGISFormat>1.0</ArcGISFormat><SyncOnce>FALSE</SyncOnce><DataProperties><itemProps><itemName Sync="TRUE">jalan_lingkungan_v5</itemName><imsContentType Sync="TRUE">002</imsContentType><itemSize Sync="TRUE">0.000</itemSize><itemLocation><linkage Sync="TRUE">file://\\TEAMOS-PC\Project\06. Perkim\Perkim-Leger Jalan\jalan_lingkungan_v5.shp</linkage><protocol Sync="TRUE">Local Area Network</protocol></itemLocation></itemProps><coordRef><type Sync="TRUE">Projected</type><geogcsn Sync="TRUE">GCS_WGS_1984</geogcsn><csUnits Sync="TRUE">Linear Unit: Meter (1.000000)</csUnits><projcsn Sync="TRUE">WGS_1984_UTM_Zone_49S</projcsn><peXml Sync="TRUE">&lt;ProjectedCoordinateSystem xsi:type='typens:ProjectedCoordinateSystem' xmlns:xsi='http://www.w3.org/2001/XMLSchema-instance' xmlns:xs='http://www.w3.org/2001/XMLSchema' xmlns:typens='http://www.esri.com/schemas/ArcGIS/2.9.0'&gt;&lt;WKT&gt;PROJCS[&amp;quot;WGS_1984_UTM_Zone_49S&amp;quot;,GEOGCS[&amp;quot;GCS_WGS_1984&amp;quot;,DATUM[&amp;quot;D_WGS_1984&amp;quot;,SPHEROID[&amp;quot;WGS_1984&amp;quot;,6378137.0,298.257223563]],PRIMEM[&amp;quot;Greenwich&amp;quot;,0.0],UNIT[&amp;quot;Degree&amp;quot;,0.0174532925199433]],PROJECTION[&amp;quot;Transverse_Mercator&amp;quot;],PARAMETER[&amp;quot;False_Easting&amp;quot;,500000.0],PARAMETER[&amp;quot;False_Northing&amp;quot;,10000000.0],PARAMETER[&amp;quot;Central_Meridian&amp;quot;,111.0],PARAMETER[&amp;quot;Scale_Factor&amp;quot;,0.9996],PARAMETER[&amp;quot;Latitude_Of_Origin&amp;quot;,0.0],UNIT[&amp;quot;Meter&amp;quot;,1.0],AUTHORITY[&amp;quot;EPSG&amp;quot;,32749]]&lt;/WKT&gt;&lt;XOrigin&gt;-5120900&lt;/XOrigin&gt;&lt;YOrigin&gt;1900&lt;/YOrigin&gt;&lt;XYScale&gt;450445547.3910538&lt;/XYScale&gt;&lt;ZOrigin&gt;-100000&lt;/ZOrigin&gt;&lt;ZScale&gt;10000&lt;/ZScale&gt;&lt;MOrigin&gt;-100000&lt;/MOrigin&gt;&lt;MScale&gt;10000&lt;/MScale&gt;&lt;XYTolerance&gt;0.001&lt;/XYTolerance&gt;&lt;ZTolerance&gt;0.001&lt;/ZTolerance&gt;&lt;MTolerance&gt;0.001&lt;/MTolerance&gt;&lt;HighPrecision&gt;true&lt;/HighPrecision&gt;&lt;WKID&gt;32749&lt;/WKID&gt;&lt;LatestWKID&gt;32749&lt;/LatestWKID&gt;&lt;/ProjectedCoordinateSystem&gt;</peXml></coordRef><lineage><Process ToolSource="c:\users\dejavas\appdata\local\programs\arcgis\pro\Resources\ArcToolbox\toolboxes\Data Management Tools.tbx\Merge" Date="20220419" Time="092052">Merge Team_AmKho;Tikus_Racing "E:\Project\06. Perkim\digitasi\jln_lingk_merge.shp" "Id "Id" true true false 6 Long 0 6,First,#,Team_AmKho,Id,-1,-1,Tikus_Racing,Id,-1,-1;Id_Ruas "Id_Ruas" true true false 10 Long 0 10,First,#,Team_AmKho,Id_Ruas,-1,-1,Tikus_Racing,id_ruas,-1,-1" NO_SOURCE_INFO</Process><Process ToolSource="c:\users\dejavas\appdata\local\programs\arcgis\pro\Resources\ArcToolbox\toolboxes\Data Management Tools.tbx\UpdateSchema" Date="20220419" Time="092821">UpdateSchema "CIMDATA=&lt;CIMStandardDataConnection xsi:type='typens:CIMStandardDataConnection' xmlns:xsi='http://www.w3.org/2001/XMLSchema-instance' xmlns:xs='http://www.w3.org/2001/XMLSchema' xmlns:typens='http://www.esri.com/schemas/ArcGIS/2.9.0'&gt;&lt;WorkspaceConnectionString&gt;DATABASE=E:\Project\06. Perkim\digitasi&lt;/WorkspaceConnectionString&gt;&lt;WorkspaceFactory&gt;Shapefile&lt;/WorkspaceFactory&gt;&lt;Dataset&gt;jln_lingk_merge&lt;/Dataset&gt;&lt;DatasetType&gt;esriDTFeatureClass&lt;/DatasetType&gt;&lt;/CIMStandardDataConnection&gt;" &lt;operationSequence&gt;&lt;workflow&gt;&lt;AddField&gt;&lt;field_name&gt;cek&lt;/field_name&gt;&lt;field_type&gt;LONG&lt;/field_type&gt;&lt;field_is_nullable&gt;False&lt;/field_is_nullable&gt;&lt;field_is_required&gt;False&lt;/field_is_required&gt;&lt;/AddField&gt;&lt;/workflow&gt;&lt;/operationSequence&gt;</Process><Process ToolSource="c:\users\dejavas\appdata\local\programs\arcgis\pro\Resources\ArcToolbox\toolboxes\Data Management Tools.tbx\CalculateField" Date="20220419" Time="093029">CalculateField jln_lingk_merge cek isDuplicate(!Id_Ruas!) "Python 3" "uniqueList = []
def isDuplicate(inValue):
  if inValue in uniqueList:
    return 1
  else:
    uniqueList.append(inValue)
    return 0" Text NO_ENFORCE_DOMAINS</Process><Process ToolSource="c:\users\dejavas\appdata\local\programs\arcgis\pro\Resources\ArcToolbox\toolboxes\Data Management Tools.tbx\Merge" Date="20220419" Time="112817">Merge jln_lingk_merge;'jalan lingkungan' "E:\Project\06. Perkim\digitasi\jln_lingk_merge2.shp" "Id "Id" true true false 6 Long 0 6,First,#,jln_lingk_merge,Id,-1,-1;Id_Ruas "Id_Ruas" true true false 10 Long 0 10,First,#,jln_lingk_merge,Id_Ruas,-1,-1;cek "Cek Duplicate" true true false 10 Long 0 10,First,#,jln_lingk_merge,cek,-1,-1;NoRuas "No Ruas" true true false 10 Long 0 10,First,#,jalan lingkungan,NoRuas,-1,-1;NamaRuas "Nama Ruas" true true false 100 Text 0 0,First,#,jalan lingkungan,NamaRuas,0,100;Pangkal "Pangkal Ruas" true true false 100 Text 0 0,First,#,jalan lingkungan,Pangkal,0,100;Ujung "Ujung Ruas" true true false 100 Text 0 0,First,#,jalan lingkungan,Ujung,0,100;Lingkungan "Lingkungan" true true false 100 Text 0 0,First,#,jalan lingkungan,Lingkungan,0,100;Kel "Kelurahan" true true false 100 Text 0 0,First,#,jalan lingkungan,Kel,0,100;Kec "Kecamatan" true true false 100 Text 0 0,First,#,jalan lingkungan,Kec,0,100;Panjang "Panjang (M)" true true false 10 Long 0 10,First,#,jalan lingkungan,Panjang,-1,-1;Lebar "Lebar (M)" true true false 10 Long 0 10,First,#,jalan lingkungan,Lebar,-1,-1;BahuKiKa "Bahu Kiri/Kanan (M)" true true false 20 Text 0 0,First,#,jalan lingkungan,BahuKiKa,0,20;TipePerke "Tipe Perkerasan" true true false 20 Text 0 0,First,#,jalan lingkungan,TipePerke,0,20;Utilitas "Utilitas" true true false 100 Text 0 0,First,#,jalan lingkungan,Utilitas,0,100;KndisiJln "Kondisi Jalan" true true false 20 Text 0 0,First,#,jalan lingkungan,KndisiJln,0,20;Keterangan "Keterangan" true true false 254 Text 0 0,First,#,jalan lingkungan,Keterangan,0,254;startpoint "startpoint" true true false 50 Text 0 0,First,#,jalan lingkungan,startpoint,0,50;Endpoint "Endpoint" true true false 50 Text 0 0,First,#,jalan lingkungan,Endpoint,0,50;LENGTH_GEO "LENGTH_GEO" true true false 19 Double 0 0,First,#,jalan lingkungan,LENGTH_GEO,-1,-1;START_X "START_X" true true false 19 Double 0 0,First,#,jalan lingkungan,START_X,-1,-1;START_Y "START_Y" true true false 19 Double 0 0,First,#,jalan lingkungan,START_Y,-1,-1;MID_X "MID_X" true true false 19 Double 0 0,First,#,jalan lingkungan,MID_X,-1,-1;MID_Y "MID_Y" true true false 19 Double 0 0,First,#,jalan lingkungan,MID_Y,-1,-1;END_X "END_X" true true false 19 Double 0 0,First,#,jalan lingkungan,END_X,-1,-1;END_Y "END_Y" true true false 19 Double 0 0,First,#,jalan lingkungan,END_Y,-1,-1" NO_SOURCE_INFO</Process><Process ToolSource="c:\users\dejavas\appdata\local\programs\arcgis\pro\Resources\ArcToolbox\toolboxes\Data Management Tools.tbx\CalculateField" Date="20220419" Time="112950">CalculateField jln_lingk_merge2 Id_Ruas !NoRuas! "Python 3" # Text NO_ENFORCE_DOMAINS</Process><Process ToolSource="c:\users\dejavas\appdata\local\programs\arcgis\pro\Resources\ArcToolbox\toolboxes\Data Management Tools.tbx\DeleteField" Date="20220419" Time="113229">DeleteField jln_lingk_merge2 NoRuas;NamaRuas;Pangkal;Ujung;Lingkungan;Kel;Kec;Panjang;Lebar;BahuKiKa;TipePerke;Utilitas;KndisiJln;Keterangan;startpoint;Endpoint;LENGTH_GEO;START_X;START_Y;MID_X;MID_Y;END_X;END_Y "Delete Fields"</Process><Process ToolSource="c:\users\dejavas\appdata\local\programs\arcgis\pro\Resources\ArcToolbox\toolboxes\Data Management Tools.tbx\CalculateField" Date="20220419" Time="113410">CalculateField jln_lingk_merge2 cek isDuplicate(!Id_Ruas!) "Python 3" "uniqueList = []
def isDuplicate(inValue):
  if inValue in uniqueList:
    return 1
  else:
    uniqueList.append(inValue)
    return 0" Text NO_ENFORCE_DOMAINS</Process><Process ToolSource="c:\users\dejavas\appdata\local\programs\arcgis\pro\Resources\ArcToolbox\toolboxes\Data Management Tools.tbx\CalculateField" Date="20220419" Time="150036">CalculateField jln_lingk_merge2 cek isDuplicate(!Id_Ruas!) "Python 3" "uniqueList = []
def isDuplicate(inValue):
  if inValue in uniqueList:
    return 1
  else:
    uniqueList.append(inValue)
    return 0" Text NO_ENFORCE_DOMAINS</Process><Process ToolSource="c:\users\dejavas\appdata\local\programs\arcgis\pro\Resources\ArcToolbox\toolboxes\Conversion Tools.tbx\FeatureClassToFeatureClass" Date="20220419" Time="204308">FeatureClassToFeatureClass jln_lingk_merge2 "E:\Project\06. Perkim\Perkim-Leger Jalan" jll_lingk_compile.shp # "Id "Id" true true false 6 Long 0 6,First,#,jln_lingk_merge2,jln_lingk_merge2.Id,-1,-1;Id_Ruas "Id_Ruas" true true false 10 Long 0 10,First,#,jln_lingk_merge2,jln_lingk_merge2.Id_Ruas,-1,-1;cek "cek" true true false 10 Long 0 10,First,#,jln_lingk_merge2,jln_lingk_merge2.cek,-1,-1;No__Ruas "No# Ruas" true true false 8 Double 0 0,First,#,jln_lingk_merge2,Input$.No__Ruas,-1,-1;Tanggal_Survey "Tanggal Survey" true true false 8 Date 0 0,First,#,jln_lingk_merge2,Input$.Tanggal_Survey,-1,-1;Nama_Ruas "Nama Ruas" true true false 255 Text 0 0,First,#,jln_lingk_merge2,Input$.Nama_Ruas,0,255;Pangkal_Ruas "Pangkal Ruas" true true false 255 Text 0 0,First,#,jln_lingk_merge2,Input$.Pangkal_Ruas,0,255;Ujung_Ruas "Ujung Ruas" true true false 255 Text 0 0,First,#,jln_lingk_merge2,Input$.Ujung_Ruas,0,255;Lingkungan "Lingkungan" true true false 255 Text 0 0,First,#,jln_lingk_merge2,Input$.Lingkungan,0,255;Kelurahan "Kelurahan" true true false 255 Text 0 0,First,#,jln_lingk_merge2,Input$.Kelurahan,0,255;Kecamatan "Kecamatan" true true false 255 Text 0 0,First,#,jln_lingk_merge2,Input$.Kecamatan,0,255;Panjang__M_ "Panjang (M)" true true false 8 Double 0 0,First,#,jln_lingk_merge2,Input$.Panjang__M_,-1,-1;Lebar__M_ "Lebar (M)" true true false 8 Double 0 0,First,#,jln_lingk_merge2,Input$.Lebar__M_,-1,-1;Bahu_Jalan_L_R__M_ "Bahu Jalan L/R (M)" true true false 255 Text 0 0,First,#,jln_lingk_merge2,Input$.Bahu_Jalan_L_R__M_,0,255;Tipe_Perkerasan "Tipe Perkerasan" true true false 255 Text 0 0,First,#,jln_lingk_merge2,Input$.Tipe_Perkerasan,0,255;Kondisi_Jalan "Kondisi Jalan" true true false 255 Text 0 0,First,#,jln_lingk_merge2,Input$.Kondisi_Jalan,0,255;Keterangan__Optional_ "Keterangan (Optional)" true true false 255 Text 0 0,First,#,jln_lingk_merge2,Input$.Keterangan__Optional_,0,255;Bahu_Jalan_L_R__M_1 "Bahu Jalan L/R (M)1" true true false 255 Text 0 0,First,#,jln_lingk_merge2,Input$.Bahu_Jalan_L_R__M_1,0,255;Utilitas "Utilitas" true true false 255 Text 0 0,First,#,jln_lingk_merge2,Input$.Utilitas,0,255;Koordinat_Awal "Koordinat Awal" true true false 255 Text 0 0,First,#,jln_lingk_merge2,Input$.Koordinat_Awal,0,255;Koordinat_Akhir "Koordinat Akhir" true true false 255 Text 0 0,First,#,jln_lingk_merge2,Input$.Koordinat_Akhir,0,255;Surveyor "Surveyor" true true false 255 Text 0 0,First,#,jln_lingk_merge2,Input$.Surveyor,0,255;ObjectID "ObjectID" false true false 4 Long 0 9,First,#,jln_lingk_merge2,Input$.ObjectID,-1,-1" #</Process><Process ToolSource="c:\users\dejavas\appdata\local\programs\arcgis\pro\Resources\ArcToolbox\toolboxes\Data Management Tools.tbx\DeleteField" Date="20220419" Time="204513">DeleteField jll_lingk_compile Bahu_Jal_1 "Delete Fields"</Process><Process ToolSource="c:\users\dejavas\appdata\local\programs\arcgis\pro\Resources\ArcToolbox\toolboxes\Data Management Tools.tbx\CalculateField" Date="20220419" Time="205034">CalculateField jll_lingk_compile Nama_Ruas !Nama_Ruas!.capitalize() "Python 3" # Text NO_ENFORCE_DOMAINS</Process><Process ToolSource="c:\users\dejavas\appdata\local\programs\arcgis\pro\Resources\ArcToolbox\toolboxes\Data Management Tools.tbx\CalculateField" Date="20220419" Time="205233">CalculateField jll_lingk_compile Nama_Ruas !Nama_Ruas!.upper() "Python 3" # Text NO_ENFORCE_DOMAINS</Process><Process ToolSource="c:\users\dejavas\appdata\local\programs\arcgis\pro\Resources\ArcToolbox\toolboxes\Data Management Tools.tbx\CalculateField" Date="20220419" Time="205251">CalculateField jll_lingk_compile Pangkal_Ru !Pangkal_Ru!.upper() "Python 3" # Text NO_ENFORCE_DOMAINS</Process><Process ToolSource="c:\users\dejavas\appdata\local\programs\arcgis\pro\Resources\ArcToolbox\toolboxes\Data Management Tools.tbx\CalculateField" Date="20220419" Time="205309">CalculateField jll_lingk_compile Ujung_Ruas !Ujung_Ruas!.upper() "Python 3" # Text NO_ENFORCE_DOMAINS</Process><Process ToolSource="c:\users\dejavas\appdata\local\programs\arcgis\pro\Resources\ArcToolbox\toolboxes\Data Management Tools.tbx\CalculateField" Date="20220419" Time="205326">CalculateField jll_lingk_compile Lingkungan !Lingkungan!.upper() "Python 3" # Text NO_ENFORCE_DOMAINS</Process><Process ToolSource="c:\users\dejavas\appdata\local\programs\arcgis\pro\Resources\ArcToolbox\toolboxes\Data Management Tools.tbx\CalculateField" Date="20220419" Time="205341">CalculateField jll_lingk_compile Kelurahan !Kelurahan!.upper() "Python 3" # Text NO_ENFORCE_DOMAINS</Process><Process ToolSource="c:\users\dejavas\appdata\local\programs\arcgis\pro\Resources\ArcToolbox\toolboxes\Data Management Tools.tbx\CalculateField" Date="20220419" Time="205400">CalculateField jll_lingk_compile Kecamatan !Kecamatan!.upper() "Python 3" # Text NO_ENFORCE_DOMAINS</Process><Process ToolSource="c:\users\dejavas\appdata\local\programs\arcgis\pro\Resources\ArcToolbox\toolboxes\Data Management Tools.tbx\CalculateField" Date="20220419" Time="205424">CalculateField jll_lingk_compile Tipe_Perke !Tipe_Perke!.upper() "Python 3" # Text NO_ENFORCE_DOMAINS</Process><Process ToolSource="c:\users\dejavas\appdata\local\programs\arcgis\pro\Resources\ArcToolbox\toolboxes\Data Management Tools.tbx\CalculateField" Date="20220419" Time="205444">CalculateField jll_lingk_compile Kondisi_Ja !Kondisi_Ja!.upper() "Python 3" # Text NO_ENFORCE_DOMAINS</Process><Process ToolSource="c:\users\dejavas\appdata\local\programs\arcgis\pro\Resources\ArcToolbox\toolboxes\Data Management Tools.tbx\CalculateField" Date="20220419" Time="205507">CalculateField jll_lingk_compile Utilitas !Utilitas!.upper() "Python 3" # Text NO_ENFORCE_DOMAINS</Process><Process ToolSource="c:\users\dejavas\appdata\local\programs\arcgis\pro\Resources\ArcToolbox\toolboxes\Data Management Tools.tbx\CalculateField" Date="20220419" Time="205628">CalculateField jll_lingk_compile Keterangan !Keterangan!.upper() "Python 3" # Text NO_ENFORCE_DOMAINS</Process><Process ToolSource="c:\users\dejavas\appdata\local\programs\arcgis\pro\Resources\ArcToolbox\toolboxes\Data Management Tools.tbx\CalculateField" Date="20220419" Time="205649">CalculateField jll_lingk_compile Surveyor !Surveyor!.upper() "Python 3" # Text NO_ENFORCE_DOMAINS</Process><Process ToolSource="c:\users\dejavas\appdata\local\programs\arcgis\pro\Resources\ArcToolbox\toolboxes\Data Management Tools.tbx\CalculateGeometryAttributes" Date="20220419" Time="210004">CalculateGeometryAttributes jll_lingk_compile "Koordinat_ LINE_START_X;Koordinat1 LINE_END_Y" # # PROJCS["WGS_1984_UTM_Zone_49S",GEOGCS["GCS_WGS_1984",DATUM["D_WGS_1984",SPHEROID["WGS_1984",6378137.0,298.257223563]],PRIMEM["Greenwich",0.0],UNIT["Degree",0.0174532925199433]],PROJECTION["Transverse_Mercator"],PARAMETER["False_Easting",500000.0],PARAMETER["False_Northing",10000000.0],PARAMETER["Central_Meridian",111.0],PARAMETER["Scale_Factor",0.9996],PARAMETER["Latitude_Of_Origin",0.0],UNIT["Meter",1.0]] "Same as input"</Process><Process ToolSource="c:\users\dejavas\appdata\local\programs\arcgis\pro\Resources\ArcToolbox\toolboxes\Data Management Tools.tbx\AddFields" Date="20220419" Time="211042">AddFields "Jalan Lingkungan" "START_X DOUBLE # # # #;START_Y DOUBLE # # # #;MID_X DOUBLE # # # #;MID_Y DOUBLE # # # #;END_X DOUBLE # # # #;END_Y DOUBLE # # # #"</Process><Process ToolSource="c:\users\dejavas\appdata\local\programs\arcgis\pro\Resources\ArcToolbox\toolboxes\Data Management Tools.tbx\AddGeometryAttributes" Date="20220419" Time="211049">AddGeometryAttributes "Jalan Lingkungan" LINE_START_MID_END Meters # PROJCS["WGS_1984_UTM_Zone_49S",GEOGCS["GCS_WGS_1984",DATUM["D_WGS_1984",SPHEROID["WGS_1984",6378137.0,298.257223563]],PRIMEM["Greenwich",0.0],UNIT["Degree",0.0174532925199433]],PROJECTION["Transverse_Mercator"],PARAMETER["False_Easting",500000.0],PARAMETER["False_Northing",10000000.0],PARAMETER["Central_Meridian",111.0],PARAMETER["Scale_Factor",0.9996],PARAMETER["Latitude_Of_Origin",0.0],UNIT["Meter",1.0]]</Process><Process ToolSource="c:\users\dejavas\appdata\local\programs\arcgis\pro\Resources\ArcToolbox\toolboxes\Data Management Tools.tbx\DeleteField" Date="20220420" Time="124858">DeleteField "Jalan Lingkungan" START_X;START_Y;MID_X;MID_Y;END_X;END_Y "Delete Fields"</Process><Process ToolSource="c:\users\dejavas\appdata\local\programs\arcgis\pro\Resources\ArcToolbox\toolboxes\Data Management Tools.tbx\AddFields" Date="20220420" Time="125125">AddFields "New Group Layer\Jalan Lingkungan" "START_X DOUBLE # # # #;START_Y DOUBLE # # # #;MID_X DOUBLE # # # #;MID_Y DOUBLE # # # #;END_X DOUBLE # # # #;END_Y DOUBLE # # # #"</Process><Process ToolSource="c:\users\dejavas\appdata\local\programs\arcgis\pro\Resources\ArcToolbox\toolboxes\Data Management Tools.tbx\AddGeometryAttributes" Date="20220420" Time="125133">AddGeometryAttributes "Jalan Lingkungan" LINE_START_MID_END Meters # GEOGCS["GCS_WGS_1984",DATUM["D_WGS_1984",SPHEROID["WGS_1984",6378137.0,298.257223563]],PRIMEM["Greenwich",0.0],UNIT["Degree",0.0174532925199433]],VERTCS["WGS_1984",DATUM["D_WGS_1984",SPHEROID["WGS_1984",6378137.0,298.257223563]],PARAMETER["Vertical_Shift",0.0],PARAMETER["Direction",1.0],UNIT["Meter",1.0]]</Process><Process ToolSource="c:\users\dejavas\appdata\local\programs\arcgis\pro\Resources\ArcToolbox\toolboxes\Conversion Tools.tbx\FeatureClassToFeatureClass" Date="20220425" Time="090457">FeatureClassToFeatureClass "Jalan Lingkungan" "E:\Project\06. Perkim\Perkim-Leger Jalan" jalan_lingkungan_v2.shp # "Id "Id" true true false 6 Long 0 6,First,#,Jalan Lingkungan,Id,-1,-1;Id_Ruas "Id_Ruas" true true false 10 Long 0 10,First,#,Jalan Lingkungan,Id_Ruas,-1,-1;cek "cek" true true false 10 Long 0 10,First,#,Jalan Lingkungan,cek,-1,-1;No__Ruas "No__Ruas" true true false 19 Double 0 0,First,#,Jalan Lingkungan,No__Ruas,-1,-1;Tanggal_Su "Tanggal_Su" true true false 8 Date 0 0,First,#,Jalan Lingkungan,Tanggal_Su,-1,-1;Nama_Ruas "Nama_Ruas" true true false 254 Text 0 0,First,#,Jalan Lingkungan,Nama_Ruas,0,254;Pangkal_Ru "Pangkal_Ru" true true false 254 Text 0 0,First,#,Jalan Lingkungan,Pangkal_Ru,0,254;Ujung_Ruas "Ujung_Ruas" true true false 254 Text 0 0,First,#,Jalan Lingkungan,Ujung_Ruas,0,254;Lingkungan "Lingkungan" true true false 254 Text 0 0,First,#,Jalan Lingkungan,Lingkungan,0,254;Kelurahan "Kelurahan" true true false 254 Text 0 0,First,#,Jalan Lingkungan,Kelurahan,0,254;Kecamatan "Kecamatan" true true false 254 Text 0 0,First,#,Jalan Lingkungan,Kecamatan,0,254;Panjang__M "Panjang__M" true true false 19 Double 0 0,First,#,Jalan Lingkungan,Panjang__M,-1,-1;Lebar__M_ "Lebar__M_" true true false 19 Double 0 0,First,#,Jalan Lingkungan,Lebar__M_,-1,-1;Bahu_Jalan "Bahu_Jalan" true true false 254 Text 0 0,First,#,Jalan Lingkungan,Bahu_Jalan,0,254;Tipe_Perke "Tipe_Perke" true true false 254 Text 0 0,First,#,Jalan Lingkungan,Tipe_Perke,0,254;Kondisi_Ja "Kondisi_Ja" true true false 254 Text 0 0,First,#,Jalan Lingkungan,Kondisi_Ja,0,254;Keterangan "Keterangan" true true false 254 Text 0 0,First,#,Jalan Lingkungan,Keterangan,0,254;Utilitas "Utilitas" true true false 254 Text 0 0,First,#,Jalan Lingkungan,Utilitas,0,254;Koordinat_ "Koordinat_" true true false 254 Text 0 0,First,#,Jalan Lingkungan,Koordinat_,0,254;Koordinat1 "Koordinat1" true true false 254 Text 0 0,First,#,Jalan Lingkungan,Koordinat1,0,254;Surveyor "Surveyor" true true false 254 Text 0 0,First,#,Jalan Lingkungan,Surveyor,0,254;ObjectID "ObjectID" true true false 9 Long 0 9,First,#,Jalan Lingkungan,ObjectID,-1,-1;START_X "START_X" true true false 19 Double 0 0,First,#,Jalan Lingkungan,START_X,-1,-1;START_Y "START_Y" true true false 19 Double 0 0,First,#,Jalan Lingkungan,START_Y,-1,-1;MID_X "MID_X" true true false 19 Double 0 0,First,#,Jalan Lingkungan,MID_X,-1,-1;MID_Y "MID_Y" true true false 19 Double 0 0,First,#,Jalan Lingkungan,MID_Y,-1,-1;END_X "END_X" true true false 19 Double 0 0,First,#,Jalan Lingkungan,END_X,-1,-1;END_Y "END_Y" true true false 19 Double 0 0,First,#,Jalan Lingkungan,END_Y,-1,-1" #</Process><Process ToolSource="c:\users\dejavas\appdata\local\programs\arcgis\pro\Resources\ArcToolbox\toolboxes\Data Management Tools.tbx\DeleteField" Date="20220425" Time="091618">DeleteField jalan_lingkungan_v2 Tanggal_Su;Nama_Ruas;Pangkal_Ru;Ujung_Ruas;Lingkungan;Kelurahan;Kecamatan;Panjang__M;Lebar__M_;Bahu_Jalan;Tipe_Perke;Kondisi_Ja;Keterangan;Utilitas;Koordinat_;Koordinat1;Surveyor;ObjectID;START_X;START_Y;MID_X;MID_Y;END_X;END_Y "Delete Fields"</Process><Process ToolSource="c:\users\dejavas\appdata\local\programs\arcgis\pro\Resources\ArcToolbox\toolboxes\Conversion Tools.tbx\FeatureClassToFeatureClass" Date="20220425" Time="092309">FeatureClassToFeatureClass jalan_lingkungan_v2 "E:\Project\06. Perkim\Perkim-Leger Jalan" jalan_lingkungan_v3.shp # "Id "Id" true true false 6 Long 0 6,First,#,jalan_lingkungan_v2,jalan_lingkungan_v2.Id,-1,-1;Id_Ruas "Id_Ruas" true true false 10 Long 0 10,First,#,jalan_lingkungan_v2,jalan_lingkungan_v2.Id_Ruas,-1,-1;cek "cek" true true false 10 Long 0 10,First,#,jalan_lingkungan_v2,jalan_lingkungan_v2.cek,-1,-1;No__Ruas "No__Ruas" true true false 19 Double 0 0,First,#,jalan_lingkungan_v2,jalan_lingkungan_v2.No__Ruas,-1,-1;No__Ruas "No# Ruas" true true false 8 Double 0 0,First,#,jalan_lingkungan_v2,T_Leger_Jalan$_.No__Ruas,-1,-1;Nama_Ruas "Nama Ruas" true true false 255 Text 0 0,First,#,jalan_lingkungan_v2,T_Leger_Jalan$_.Nama_Ruas,0,255;Pangkal_Ruas "Pangkal Ruas" true true false 255 Text 0 0,First,#,jalan_lingkungan_v2,T_Leger_Jalan$_.Pangkal_Ruas,0,255;Ujung_Ruas "Ujung Ruas" true true false 255 Text 0 0,First,#,jalan_lingkungan_v2,T_Leger_Jalan$_.Ujung_Ruas,0,255;Lingkungan "Lingkungan" true true false 255 Text 0 0,First,#,jalan_lingkungan_v2,T_Leger_Jalan$_.Lingkungan,0,255;Kelurahan "Kelurahan" true true false 255 Text 0 0,First,#,jalan_lingkungan_v2,T_Leger_Jalan$_.Kelurahan,0,255;Kecamatan "Kecamatan" true true false 255 Text 0 0,First,#,jalan_lingkungan_v2,T_Leger_Jalan$_.Kecamatan,0,255;Panjang__M_ "Panjang (M)" true true false 8 Double 0 0,First,#,jalan_lingkungan_v2,T_Leger_Jalan$_.Panjang__M_,-1,-1;Lebar__M_ "Lebar (M)" true true false 8 Double 0 0,First,#,jalan_lingkungan_v2,T_Leger_Jalan$_.Lebar__M_,-1,-1;Bahu_Jalan "Bahu Jalan" true true false 255 Text 0 0,First,#,jalan_lingkungan_v2,T_Leger_Jalan$_.Bahu_Jalan,0,255;Tipe_Perkerasan "Tipe_Perkerasan" true true false 255 Text 0 0,First,#,jalan_lingkungan_v2,T_Leger_Jalan$_.Tipe_Perkerasan,0,255;Kondisi_Jalan "Kondisi Jalan" true true false 255 Text 0 0,First,#,jalan_lingkungan_v2,T_Leger_Jalan$_.Kondisi_Jalan,0,255;Keterangan "Keterangan" true true false 8 Double 0 0,First,#,jalan_lingkungan_v2,T_Leger_Jalan$_.Keterangan,-1,-1;Utilitas "Utilitas" true true false 255 Text 0 0,First,#,jalan_lingkungan_v2,T_Leger_Jalan$_.Utilitas,0,255;Koordinat_Ujung "Koordinat Ujung" true true false 255 Text 0 0,First,#,jalan_lingkungan_v2,T_Leger_Jalan$_.Koordinat_Ujung,0,255;Koordinat_Pangkal "Koordinat Pangkal" true true false 255 Text 0 0,First,#,jalan_lingkungan_v2,T_Leger_Jalan$_.Koordinat_Pangkal,0,255;Surveyor "Surveyor" true true false 255 Text 0 0,First,#,jalan_lingkungan_v2,T_Leger_Jalan$_.Surveyor,0,255;ObjectID "ObjectID" false true false 4 Long 0 9,First,#,jalan_lingkungan_v2,T_Leger_Jalan$_.ObjectID,-1,-1" #</Process><Process ToolSource="c:\users\dejavas\appdata\local\programs\arcgis\pro\Resources\ArcToolbox\toolboxes\Data Management Tools.tbx\DeleteField" Date="20220425" Time="092713">DeleteField jalan_lingkungan_v3 No__Ruas_1 "Delete Fields"</Process><Process ToolSource="c:\users\dejavas\appdata\local\programs\arcgis\pro\Resources\ArcToolbox\toolboxes\Data Management Tools.tbx\AddFields" Date="20220425" Time="092759">AddFields jalan_lingkungan_v3 "START_X DOUBLE # # # #;START_Y DOUBLE # # # #;MID_X DOUBLE # # # #;MID_Y DOUBLE # # # #;END_X DOUBLE # # # #;END_Y DOUBLE # # # #"</Process><Process ToolSource="c:\users\dejavas\appdata\local\programs\arcgis\pro\Resources\ArcToolbox\toolboxes\Data Management Tools.tbx\AddGeometryAttributes" Date="20220425" Time="092807">AddGeometryAttributes jalan_lingkungan_v3 LINE_START_MID_END Meters # GEOGCS["GCS_WGS_1984",DATUM["D_WGS_1984",SPHEROID["WGS_1984",6378137.0,298.257223563]],PRIMEM["Greenwich",0.0],UNIT["Degree",0.0174532925199433]]</Process><Process ToolSource="c:\users\dejavas\appdata\local\programs\arcgis\pro\Resources\ArcToolbox\toolboxes\Data Management Tools.tbx\AddGeometryAttributes" Date="20220601" Time="101708">AddGeometryAttributes jalan_lingkungan_v3 LINE_START_MID_END Meters # GEOGCS["GCS_WGS_1984",DATUM["D_WGS_1984",SPHEROID["WGS_1984",6378137.0,298.257223563]],PRIMEM["Greenwich",0.0],UNIT["Degree",0.0174532925199433]]</Process><Process ToolSource="c:\users\dejavas\appdata\local\programs\arcgis\pro\Resources\ArcToolbox\toolboxes\Conversion Tools.tbx\FeatureClassToFeatureClass" Date="20220601" Time="112015">FeatureClassToFeatureClass jalan_lingkungan_v3 "E:\Project\06. Perkim\Perkim-Leger Jalan" jalan_lingkungan_v5.shp # "Id_Ruas "Id_Ruas" true true false 10 Long 0 10,First,#,jalan_lingkungan_v3,Id_Ruas,-1,-1;START_X "START_X" true true false 19 Double 0 0,First,#,jalan_lingkungan_v3,START_X,-1,-1;START_Y "START_Y" true true false 19 Double 0 0,First,#,jalan_lingkungan_v3,START_Y,-1,-1;MID_X "MID_X" true true false 19 Double 0 0,First,#,jalan_lingkungan_v3,MID_X,-1,-1;MID_Y "MID_Y" true true false 19 Double 0 0,First,#,jalan_lingkungan_v3,MID_Y,-1,-1;END_X "END_X" true true false 19 Double 0 0,First,#,jalan_lingkungan_v3,END_X,-1,-1;END_Y "END_Y" true true false 19 Double 0 0,First,#,jalan_lingkungan_v3,END_Y,-1,-1" #</Process><Process ToolSource="c:\users\dejavas\appdata\local\programs\arcgis\pro\Resources\ArcToolbox\toolboxes\Conversion Tools.tbx\FeatureClassToFeatureClass" Date="20220601" Time="114156">FeatureClassToFeatureClass jalan_lingkungan_v5 C:\Users\dejavas\Documents\ArcGIS\Projects\BasisData\BasisData.gdb jl_linkg # "Id_Ruas "Id_Ruas" true true false 10 Long 0 10,First,#,jalan_lingkungan_v5,jalan_lingkungan_v5.Id_Ruas,-1,-1;No__Ruas "No# Ruas" true true false 8 Double 0 0,First,#,jalan_lingkungan_v5,T_Data_Leger_Jalan$_.No__Ruas,-1,-1;Nama_Ruas "Nama Ruas" true true false 255 Text 0 0,First,#,jalan_lingkungan_v5,T_Data_Leger_Jalan$_.Nama_Ruas,0,255;Pangkal_Ruas "Pangkal Ruas" true true false 255 Text 0 0,First,#,jalan_lingkungan_v5,T_Data_Leger_Jalan$_.Pangkal_Ruas,0,255;Ujung_Ruas "Ujung Ruas" true true false 255 Text 0 0,First,#,jalan_lingkungan_v5,T_Data_Leger_Jalan$_.Ujung_Ruas,0,255;Lingkungan "Lingkungan" true true false 255 Text 0 0,First,#,jalan_lingkungan_v5,T_Data_Leger_Jalan$_.Lingkungan,0,255;Kelurahan "Kelurahan" true true false 255 Text 0 0,First,#,jalan_lingkungan_v5,T_Data_Leger_Jalan$_.Kelurahan,0,255;Kecamatan "Kecamatan" true true false 255 Text 0 0,First,#,jalan_lingkungan_v5,T_Data_Leger_Jalan$_.Kecamatan,0,255;Panjang__M_ "Panjang (M)" true true false 8 Double 0 0,First,#,jalan_lingkungan_v5,T_Data_Leger_Jalan$_.Panjang__M_,-1,-1;Lebar__M_ "Lebar (M)" true true false 8 Double 0 0,First,#,jalan_lingkungan_v5,T_Data_Leger_Jalan$_.Lebar__M_,-1,-1;Bahu_Jalan "Bahu Jalan" true true false 255 Text 0 0,First,#,jalan_lingkungan_v5,T_Data_Leger_Jalan$_.Bahu_Jalan,0,255;Tipe_Perkerasan "Tipe Perkerasan" true true false 255 Text 0 0,First,#,jalan_lingkungan_v5,T_Data_Leger_Jalan$_.Tipe_Perkerasan,0,255;Kondisi_Jalan "Kondisi Jalan" true true false 255 Text 0 0,First,#,jalan_lingkungan_v5,T_Data_Leger_Jalan$_.Kondisi_Jalan,0,255;Keterangan "Keterangan" true true false 8 Double 0 0,First,#,jalan_lingkungan_v5,T_Data_Leger_Jalan$_.Keterangan,-1,-1;Utilitas "Utilitas" true true false 255 Text 0 0,First,#,jalan_lingkungan_v5,T_Data_Leger_Jalan$_.Utilitas,0,255;Koordinat_Pangkal "Koordinat Pangkal" true true false 255 Text 0 0,First,#,jalan_lingkungan_v5,T_Data_Leger_Jalan$_.Koordinat_Pangkal,0,255;Koordinat_Pangkal1 "Koordinat Pangkal1" true true false 255 Text 0 0,First,#,jalan_lingkungan_v5,T_Data_Leger_Jalan$_.Koordinat_Pangkal1,0,255;Surveyor "Surveyor" true true false 255 Text 0 0,First,#,jalan_lingkungan_v5,T_Data_Leger_Jalan$_.Surveyor,0,255;START_X "START_X" true true false 19 Double 0 0,First,#,jalan_lingkungan_v5,jalan_lingkungan_v5.START_X,-1,-1;START_Y "START_Y" true true false 19 Double 0 0,First,#,jalan_lingkungan_v5,jalan_lingkungan_v5.START_Y,-1,-1;MID_X "MID_X" true true false 19 Double 0 0,First,#,jalan_lingkungan_v5,jalan_lingkungan_v5.MID_X,-1,-1;MID_Y "MID_Y" true true false 19 Double 0 0,First,#,jalan_lingkungan_v5,jalan_lingkungan_v5.MID_Y,-1,-1;END_X "END_X" true true false 19 Double 0 0,First,#,jalan_lingkungan_v5,jalan_lingkungan_v5.END_X,-1,-1;END_Y "END_Y" true true false 19 Double 0 0,First,#,jalan_lingkungan_v5,jalan_lingkungan_v5.END_Y,-1,-1" #</Process><Process ToolSource="c:\users\dejavas\appdata\local\programs\arcgis\pro\Resources\ArcToolbox\toolboxes\Conversion Tools.tbx\FeatureClassToFeatureClass" Date="20220601" Time="115247">FeatureClassToFeatureClass jl_linkg "E:\Project\06. Perkim\Perkim-Leger Jalan" jalan_lingkungan_v5.shp # "Id_Ruas "Id_Ruas" true true false 4 Long 0 0,First,#,jl_linkg,Id_Ruas,-1,-1;No__Ruas "No# Ruas" true true false 8 Double 0 0,First,#,jl_linkg,No__Ruas,-1,-1;Nama_Ruas "Nama Ruas" true true false 255 Text 0 0,First,#,jl_linkg,Nama_Ruas,0,255;Pangkal_Ruas "Pangkal Ruas" true true false 255 Text 0 0,First,#,jl_linkg,Pangkal_Ruas,0,255;Ujung_Ruas "Ujung Ruas" true true false 255 Text 0 0,First,#,jl_linkg,Ujung_Ruas,0,255;Lingkungan "Lingkungan" true true false 255 Text 0 0,First,#,jl_linkg,Lingkungan,0,255;Kelurahan "Kelurahan" true true false 255 Text 0 0,First,#,jl_linkg,Kelurahan,0,255;Kecamatan "Kecamatan" true true false 255 Text 0 0,First,#,jl_linkg,Kecamatan,0,255;Panjang__M_ "Panjang (M)" true true false 8 Double 0 0,First,#,jl_linkg,Panjang__M_,-1,-1;Lebar__M_ "Lebar (M)" true true false 8 Double 0 0,First,#,jl_linkg,Lebar__M_,-1,-1;Bahu_Jalan "Bahu Jalan" true true false 255 Text 0 0,First,#,jl_linkg,Bahu_Jalan,0,255;Tipe_Perkerasan "Tipe Perkerasan" true true false 255 Text 0 0,First,#,jl_linkg,Tipe_Perkerasan,0,255;Kondisi_Jalan "Kondisi Jalan" true true false 255 Text 0 0,First,#,jl_linkg,Kondisi_Jalan,0,255;Keterangan "Keterangan" true true false 8 Double 0 0,First,#,jl_linkg,Keterangan,-1,-1;Utilitas "Utilitas" true true false 255 Text 0 0,First,#,jl_linkg,Utilitas,0,255;Koordinat_Pangkal "Koordinat Pangkal" true true false 255 Text 0 0,First,#,jl_linkg,Koordinat_Pangkal,0,255;Koordinat_Pangkal1 "Koordinat Pangkal1" true true false 255 Text 0 0,First,#,jl_linkg,Koordinat_Pangkal1,0,255;Surveyor "Surveyor" true true false 255 Text 0 0,First,#,jl_linkg,Surveyor,0,255;START_X "START_X" true true false 8 Double 0 0,First,#,jl_linkg,START_X,-1,-1;START_Y "START_Y" true true false 8 Double 0 0,First,#,jl_linkg,START_Y,-1,-1;MID_X "MID_X" true true false 8 Double 0 0,First,#,jl_linkg,MID_X,-1,-1;MID_Y "MID_Y" true true false 8 Double 0 0,First,#,jl_linkg,MID_Y,-1,-1;END_X "END_X" true true false 8 Double 0 0,First,#,jl_linkg,END_X,-1,-1;END_Y "END_Y" true true false 8 Double 0 0,First,#,jl_linkg,END_Y,-1,-1;Shape_Length "Shape_Length" false true true 8 Double 0 0,First,#,jl_linkg,Shape_Length,-1,-1" #</Process></lineage></DataProperties><SyncDate>20220601</SyncDate><SyncTime>11524500</SyncTime><ModDate>20220601</ModDate><ModTime>11524500</ModTime></Esri><dataIdInfo><envirDesc Sync="TRUE">Microsoft Windows 10 Version 10.0 (Build 19043) ; Esri ArcGIS 12.9.3.32739</envirDesc><dataLang><languageCode value="eng" Sync="TRUE"></languageCode><countryCode value="USA" Sync="TRUE"></countryCode></dataLang><idCitation><resTitle Sync="TRUE">jalan_lingkungan_v5</resTitle><presForm><PresFormCd value="005" Sync="TRUE"></PresFormCd></presForm></idCitation><spatRpType><SpatRepTypCd value="001" Sync="TRUE"></SpatRepTypCd></spatRpType></dataIdInfo><mdLang><languageCode value="eng" Sync="TRUE"></languageCode><countryCode value="USA" Sync="TRUE"></countryCode></mdLang><mdChar><CharSetCd value="004" Sync="TRUE"></CharSetCd></mdChar><distInfo><distFormat><formatName Sync="TRUE">Shapefile</formatName></distFormat><distTranOps><transSize Sync="TRUE">0.000</transSize></distTranOps></distInfo><mdHrLv><ScopeCd value="005" Sync="TRUE"></ScopeCd></mdHrLv><mdHrLvName Sync="TRUE">dataset</mdHrLvName><refSysInfo><RefSystem><refSysID><identCode code="32749" Sync="TRUE"></identCode><idCodeSpace Sync="TRUE">EPSG</idCodeSpace><idVersion Sync="TRUE">6.2(3.0.1)</idVersion></refSysID></RefSystem></refSysInfo><spatRepInfo><VectSpatRep><geometObjs Name="jalan_lingkungan_v5"><geoObjTyp><GeoObjTypCd value="002" Sync="TRUE"></GeoObjTypCd></geoObjTyp><geoObjCnt Sync="TRUE">0</geoObjCnt></geometObjs><topLvl><TopoLevCd value="001" Sync="TRUE"></TopoLevCd></topLvl></VectSpatRep></spatRepInfo><spdoinfo><ptvctinf><esriterm Name="jalan_lingkungan_v5"><efeatyp Sync="TRUE">Simple</efeatyp><efeageom code="3" Sync="TRUE"></efeageom><esritopo Sync="TRUE">FALSE</esritopo><efeacnt Sync="TRUE">0</efeacnt><spindex Sync="TRUE">FALSE</spindex><linrefer Sync="TRUE">FALSE</linrefer></esriterm></ptvctinf></spdoinfo><eainfo><detailed Name="jalan_lingkungan_v5"><enttyp><enttypl Sync="TRUE">jalan_lingkungan_v5</enttypl><enttypt Sync="TRUE">Feature Class</enttypt><enttypc Sync="TRUE">0</enttypc></enttyp><attr><attrlabl Sync="TRUE">FID</attrlabl><attalias Sync="TRUE">FID</attalias><attrtype Sync="TRUE">OID</attrtype><attwidth Sync="TRUE">4</attwidth><atprecis Sync="TRUE">0</atprecis><attscale Sync="TRUE">0</attscale><attrdef Sync="TRUE">Internal feature number.</attrdef><attrdefs Sync="TRUE">Esri</attrdefs><attrdomv><udom Sync="TRUE">Sequential unique whole numbers that are automatically generated.</udom></attrdomv></attr><attr><attrlabl Sync="TRUE">Shape</attrlabl><attalias Sync="TRUE">Shape</attalias><attrtype Sync="TRUE">Geometry</attrtype><attwidth Sync="TRUE">0</attwidth><atprecis Sync="TRUE">0</atprecis><attscale Sync="TRUE">0</attscale><attrdef Sync="TRUE">Feature geometry.</attrdef><attrdefs Sync="TRUE">Esri</attrdefs><attrdomv><udom Sync="TRUE">Coordinates defining the features.</udom></attrdomv></attr><attr><attrlabl Sync="TRUE">Id_Ruas</attrlabl><attalias Sync="TRUE">Id_Ruas</attalias><attrtype Sync="TRUE">Integer</attrtype><attwidth Sync="TRUE">10</attwidth><atprecis Sync="TRUE">10</atprecis><attscale Sync="TRUE">0</attscale></attr><attr><attrlabl Sync="TRUE">No__Ruas</attrlabl><attalias Sync="TRUE">No__Ruas</attalias><attrtype Sync="TRUE">Double</attrtype><attwidth Sync="TRUE">19</attwidth><atprecis Sync="TRUE">0</atprecis><attscale Sync="TRUE">0</attscale></attr><attr><attrlabl Sync="TRUE">Nama_Ruas</attrlabl><attalias Sync="TRUE">Nama_Ruas</attalias><attrtype Sync="TRUE">String</attrtype><attwidth Sync="TRUE">254</attwidth><atprecis Sync="TRUE">0</atprecis><attscale Sync="TRUE">0</attscale></attr><attr><attrlabl Sync="TRUE">Pangkal_Ru</attrlabl><attalias Sync="TRUE">Pangkal_Ru</attalias><attrtype Sync="TRUE">String</attrtype><attwidth Sync="TRUE">254</attwidth><atprecis Sync="TRUE">0</atprecis><attscale Sync="TRUE">0</attscale></attr><attr><attrlabl Sync="TRUE">Ujung_Ruas</attrlabl><attalias Sync="TRUE">Ujung_Ruas</attalias><attrtype Sync="TRUE">String</attrtype><attwidth Sync="TRUE">254</attwidth><atprecis Sync="TRUE">0</atprecis><attscale Sync="TRUE">0</attscale></attr><attr><attrlabl Sync="TRUE">Lingkungan</attrlabl><attalias Sync="TRUE">Lingkungan</attalias><attrtype Sync="TRUE">String</attrtype><attwidth Sync="TRUE">254</attwidth><atprecis Sync="TRUE">0</atprecis><attscale Sync="TRUE">0</attscale></attr><attr><attrlabl Sync="TRUE">Kelurahan</attrlabl><attalias Sync="TRUE">Kelurahan</attalias><attrtype Sync="TRUE">String</attrtype><attwidth Sync="TRUE">254</attwidth><atprecis Sync="TRUE">0</atprecis><attscale Sync="TRUE">0</attscale></attr><attr><attrlabl Sync="TRUE">Kecamatan</attrlabl><attalias Sync="TRUE">Kecamatan</attalias><attrtype Sync="TRUE">String</attrtype><attwidth Sync="TRUE">254</attwidth><atprecis Sync="TRUE">0</atprecis><attscale Sync="TRUE">0</attscale></attr><attr><attrlabl Sync="TRUE">Panjang__M</attrlabl><attalias Sync="TRUE">Panjang__M</attalias><attrtype Sync="TRUE">Double</attrtype><attwidth Sync="TRUE">19</attwidth><atprecis Sync="TRUE">0</atprecis><attscale Sync="TRUE">0</attscale></attr><attr><attrlabl Sync="TRUE">Lebar__M_</attrlabl><attalias Sync="TRUE">Lebar__M_</attalias><attrtype Sync="TRUE">Double</attrtype><attwidth Sync="TRUE">19</attwidth><atprecis Sync="TRUE">0</atprecis><attscale Sync="TRUE">0</attscale></attr><attr><attrlabl Sync="TRUE">Bahu_Jalan</attrlabl><attalias Sync="TRUE">Bahu_Jalan</attalias><attrtype Sync="TRUE">String</attrtype><attwidth Sync="TRUE">254</attwidth><atprecis Sync="TRUE">0</atprecis><attscale Sync="TRUE">0</attscale></attr><attr><attrlabl Sync="TRUE">Tipe_Perke</attrlabl><attalias Sync="TRUE">Tipe_Perke</attalias><attrtype Sync="TRUE">String</attrtype><attwidth Sync="TRUE">254</attwidth><atprecis Sync="TRUE">0</atprecis><attscale Sync="TRUE">0</attscale></attr><attr><attrlabl Sync="TRUE">Kondisi_Ja</attrlabl><attalias Sync="TRUE">Kondisi_Ja</attalias><attrtype Sync="TRUE">String</attrtype><attwidth Sync="TRUE">254</attwidth><atprecis Sync="TRUE">0</atprecis><attscale Sync="TRUE">0</attscale></attr><attr><attrlabl Sync="TRUE">Keterangan</attrlabl><attalias Sync="TRUE">Keterangan</attalias><attrtype Sync="TRUE">Double</attrtype><attwidth Sync="TRUE">19</attwidth><atprecis Sync="TRUE">0</atprecis><attscale Sync="TRUE">0</attscale></attr><attr><attrlabl Sync="TRUE">Utilitas</attrlabl><attalias Sync="TRUE">Utilitas</attalias><attrtype Sync="TRUE">String</attrtype><attwidth Sync="TRUE">254</attwidth><atprecis Sync="TRUE">0</atprecis><attscale Sync="TRUE">0</attscale></attr><attr><attrlabl Sync="TRUE">Koordinat_</attrlabl><attalias Sync="TRUE">Koordinat_</attalias><attrtype Sync="TRUE">String</attrtype><attwidth Sync="TRUE">254</attwidth><atprecis Sync="TRUE">0</atprecis><attscale Sync="TRUE">0</attscale></attr><attr><attrlabl Sync="TRUE">Koordinat1</attrlabl><attalias Sync="TRUE">Koordinat1</attalias><attrtype Sync="TRUE">String</attrtype><attwidth Sync="TRUE">254</attwidth><atprecis Sync="TRUE">0</atprecis><attscale Sync="TRUE">0</attscale></attr><attr><attrlabl Sync="TRUE">Surveyor</attrlabl><attalias Sync="TRUE">Surveyor</attalias><attrtype Sync="TRUE">String</attrtype><attwidth Sync="TRUE">254</attwidth><atprecis Sync="TRUE">0</atprecis><attscale Sync="TRUE">0</attscale></attr><attr><attrlabl Sync="TRUE">START_X</attrlabl><attalias Sync="TRUE">START_X</attalias><attrtype Sync="TRUE">Double</attrtype><attwidth Sync="TRUE">19</attwidth><atprecis Sync="TRUE">0</atprecis><attscale Sync="TRUE">0</attscale></attr><attr><attrlabl Sync="TRUE">START_Y</attrlabl><attalias Sync="TRUE">START_Y</attalias><attrtype Sync="TRUE">Double</attrtype><attwidth Sync="TRUE">19</attwidth><atprecis Sync="TRUE">0</atprecis><attscale Sync="TRUE">0</attscale></attr><attr><attrlabl Sync="TRUE">MID_X</attrlabl><attalias Sync="TRUE">MID_X</attalias><attrtype Sync="TRUE">Double</attrtype><attwidth Sync="TRUE">19</attwidth><atprecis Sync="TRUE">0</atprecis><attscale Sync="TRUE">0</attscale></attr><attr><attrlabl Sync="TRUE">MID_Y</attrlabl><attalias Sync="TRUE">MID_Y</attalias><attrtype Sync="TRUE">Double</attrtype><attwidth Sync="TRUE">19</attwidth><atprecis Sync="TRUE">0</atprecis><attscale Sync="TRUE">0</attscale></attr><attr><attrlabl Sync="TRUE">END_X</attrlabl><attalias Sync="TRUE">END_X</attalias><attrtype Sync="TRUE">Double</attrtype><attwidth Sync="TRUE">19</attwidth><atprecis Sync="TRUE">0</atprecis><attscale Sync="TRUE">0</attscale></attr><attr><attrlabl Sync="TRUE">END_Y</attrlabl><attalias Sync="TRUE">END_Y</attalias><attrtype Sync="TRUE">Double</attrtype><attwidth Sync="TRUE">19</attwidth><atprecis Sync="TRUE">0</atprecis><attscale Sync="TRUE">0</attscale></attr><attr><attrlabl Sync="TRUE">Shape_Leng</attrlabl><attalias Sync="TRUE">Shape_Leng</attalias><attrtype Sync="TRUE">Double</attrtype><attwidth Sync="TRUE">19</attwidth><atprecis Sync="TRUE">0</atprecis><attscale Sync="TRUE">0</attscale></attr></detailed></eainfo><mdDateSt Sync="TRUE">20220601</mdDateSt></metadata>
